{"tailwind.css":"tailwind-dc902cf9.css","actiontext.css":"actiontext-e646701d.css","application.css":"application-49250cc1.css","application.tailwind.css":"application.tailwind-46ffc28d.css","application.js":"application-ac8fea19.js","controllers/application.js":"controllers/application-3affb389.js","controllers/hello_controller.js":"controllers/hello_controller-708796bd.js","controllers/index.js":"controllers/index-ee64e1f1.js","Inter-italic.alternates.var.woff2":"Inter-italic.alternates.var-f7cfdfe7.woff2","Inter-italic.cyrillic.var.woff2":"Inter-italic.cyrillic.var-26638810.woff2","Inter-italic.extra.var.woff2":"Inter-italic.extra.var-f7cfdfe7.woff2","Inter-italic.greek.var.woff2":"Inter-italic.greek.var-d6db2c98.woff2","Inter-italic.latin-ext.var.woff2":"Inter-italic.latin-ext.var-dacb12a6.woff2","Inter-italic.latin.var.woff2":"Inter-italic.latin.var-f202024a.woff2","Inter-italic.symbols.var.woff2":"Inter-italic.symbols.var-e2a2560c.woff2","Inter-italic.vietnamese.var.woff2":"Inter-italic.vietnamese.var-b499c9f9.woff2","Inter-roman.alternates.var.woff2":"Inter-roman.alternates.var-4c5245f6.woff2","Inter-roman.cyrillic.var.woff2":"Inter-roman.cyrillic.var-ac24392e.woff2","Inter-roman.extra.var.woff2":"Inter-roman.extra.var-4c5245f6.woff2","Inter-roman.greek.var.woff2":"Inter-roman.greek.var-cce23750.woff2","Inter-roman.latin-ext.var.woff2":"Inter-roman.latin-ext.var-60ca3b3b.woff2","Inter-roman.latin.var.woff2":"Inter-roman.latin.var-3b26903b.woff2","Inter-roman.symbols.var.woff2":"Inter-roman.symbols.var-3cc27849.woff2","Inter-roman.vietnamese.var.woff2":"Inter-roman.vietnamese.var-0d111c61.woff2","inter-font.css":"inter-font-7eb10659.css","stimulus-autoloader.js":"stimulus-autoloader-9d447422.js","stimulus-importmap-autoloader.js":"stimulus-importmap-autoloader-64cc03e1.js","stimulus-loading.js":"stimulus-loading-1fc53fe7.js","stimulus.js":"stimulus-d59b3b7f.js","stimulus.min.js":"stimulus.min-4b1e420e.js","stimulus.min.js.map":"stimulus.min-2395e199.js.map","turbo.js":"turbo-86e38c3c.js","turbo.min.js":"turbo.min-fae85750.js","turbo.min.js.map":"turbo.min-5dd5a71a.js.map","actiontext.esm.js":"actiontext.esm-f1c04d34.js","actiontext.js":"actiontext-a4ee937e.js","trix.js":"trix-4f753c97.js","trix.css":"trix-c4e7be2d.css","actioncable.esm.js":"actioncable.esm-e0ec9819.js","actioncable.js":"actioncable-ac25813f.js","action_cable.js":"action_cable-5212cfee.js","activestorage.esm.js":"activestorage.esm-f2909226.js","activestorage.js":"activestorage-32201f68.js","rails-ujs.esm.js":"rails-ujs.esm-e925103b.js","rails-ujs.js":"rails-ujs-20eaf715.js"}